{
  "rows": 48,
  "r2_in_sample": 0.1839075984962617,
  "mae_minutes": 441.6497801250578,
  "intercept": 237.81922582866537
}